Variant,Mutations,Encoded_Sequence
TEM-2,Q39K,LKMERMAGERTRN
TEM-3,Q39K-E104K-G238S,LKMKRMASERTRN
TEM-5,R164S-A237T-E240K,LQMESMTGKRTRN
TEM-6,E104K-R164H,LQMKHMAGERTRN
TEM-7,Q39K-R164S,LKMESMAGERTRN
TEM-8,Q39K-E104K-R164S-G238S,LKMKSMASERTRN
TEM-10,R164S-E240K,LQMESMAGKRTRN
TEM-11,Q39K-R164H,LKMEHMAGERTRN
TEM-12,R164S,LQMESMAGERTRN
TEM-13,Q39K-T265M,LKMERMAGERMRN
TEM-15,E104K-G238S,LQMKRMASERTRN
TEM-16,Q39K-E104K-R164H,LKMKHMAGERTRN
TEM-17,E104K,LQMKRMAGERTRN
TEM-18,Q39K-E104K,LKMKRMAGERTRN
TEM-19,G238S,LQMERMASERTRN
TEM-20,M182T-G238S,LQMERTASERTRN
TEM-24,Q39K-E104K-R164S-A237T-E240K,LKMKSMTGKRTRN
TEM-26,E104K-R164S,LQMKSMAGERTRN
TEM-27,R164H-E240K-T265M,LQMEHMAGKRMRN
TEM-28,R164H-E240K,LQMEHMAGKRTRN
TEM-29,R164H,LQMEHMAGERTRN
TEM-30,R244S,LQMERMAGESTRN
TEM-31,R244C,LQMERMAGECTRN
TEM-33,M69L,LQLERMAGERTRN
TEM-34,M69V,LQVERMAGERTRN
TEM-38,M69V-R275L,LQVERMAGERTLN
TEM-43,E104K-R164H-M182T,LQMKHTAGERTRN
TEM-44,Q39K-R244S,LKMERMAGESTRN
TEM-45,M69L-R275Q,LQLERMAGERTQN
TEM-46,Q39K-E104K-R164S-E240K,LKMKSMAGKRTRN
TEM-47,G238S-E240K-T265M,LQMERMASKRMRN
TEM-52,E104K-M182T-G238S,LQMKRTASERTRN
TEM-61,Q39K-R164H-E240K,LKMEHMAGKRTRN
TEM-65,Q39K-R244C,LKMERMAGECTRN
TEM-68,G238S-E240K-T265M-R275L,LQMERMASKRMLN
TEM-71,G238S-E240K,LQMERMASKRTRN
TEM-72,Q39K-M182T-G238S-E240K,LKMERTASKRTRN
TEM-77,M69L-R244S,LQLERMAGESTRN
TEM-82,M69V-R275Q,LQVERMAGERTQN
TEM-93,M182T-G238S-E240K,LQMERTASKRTRN
TEM-97,M69V,LQVERMAGERTRN
TEM-99,R244S,LQMERMAGESTRN
TEM-103,R275L,LQMERMAGERTLN
TEM-106,E104K-M182T,LQMKRTAGERTRN
TEM-107,E104K-R164H-M182T-G238S,LQMKHTASERTRN
TEM-109,M69L-E104K-R164H,LQLKHMAGERTRN
TEM-113,Q39K-E104K-M182T-G238S,LKMKRTASERTRN
TEM-114,Q39K-R164S-A237T-E240K,LKMESMTGKRTRN
TEM-118,R164H-T265M,LQMEHMAGERMRN
TEM-121,Q39K-E104K-R164S-A237T-E240K-R244S,LKMKSMTGKSTRN
TEM-122,R275Q,LQMERMAGERTQN
TEM-129,Q39K-E104K-R164S,LKMKSMAGERTRN
TEM-134,Q39K-E104K-R164H-G238S,LKMKHMASERTRN
TEM-135,M182T,LQMERTAGERTRN
TEM-154,M69L-R164S,LQLESMAGERTRN
TEM-155,Q39K-R164S-E240K,LKMESMAGKRTRN
TEM-160,Q39K-M69V,LKVERMAGERTRN
TEM-165,R164S-M182T,LQMESTAGERTRN
TEM-168,T265M,LQMERMAGERMRN
TEM-189,M69L-E240K,LQLERMAGKRTRN
TEM-191,E240K,LQMERMAGKRTRN
TEM-203,Q39K-E240K,LKMERMAGKRTRN
TEM-223,M69L-R164S-M182T,LQLESTAGERTRN
